{"Musical": {"tt0045152": "Singin' in the Rain"}, "Horror": {"tt0054215": "Psycho", "tt0078748": "Alien", "tt0081505": "The Shining", "tt0084787": "The Thing", "tt1201607": "Harry Potter and the Deathly Hallows: Part 2", "tt0070047": "The Exorcist"}, "Mystery": {"tt0114369": "Se7en", "tt0054215": "Psycho", "tt0114814": "The Usual Suspects", "tt0482571": "The Prestige", "tt0056058": "Seppuku", "tt0047396": "Rear Window", "tt0209144": "Memento", "tt0078788": "Apocalypse Now", "tt0405094": "The Lives of Others", "tt0051201": "Witness for the Prosecution", "tt0364569": "Oldeuboi", "tt0057565": "Tengoku to jigoku", "tt0033467": "Citizen Kane", "tt0053125": "North by Northwest", "tt0022100": "M - Eine Stadt sucht einen M\u00f6rder", "tt0052357": "Vertigo", "tt0119488": "L.A. Confidential", "tt1255953": "Incendies", "tt10272386": "The Father", "tt0167404": "The Sixth Sense", "tt0042876": "Rash\u00f4mon", "tt1130884": "Shutter Island", "tt0071315": "Chinatown", "tt0084787": "The Thing", "tt1305806": "El secreto de sus ojos", "tt1392214": "Prisoners", "tt0041959": "The Third Man", "tt2267998": "Gone Girl", "tt0353969": "Salinui chueok", "tt0032976": "Rebecca", "tt15097216": "Jai Bhim"}, "Sci-Fi": {"tt1375666": "Inception", "tt0133093": "The Matrix", "tt0816692": "Interstellar", "tt0103064": "Terminator 2: Judgment Day", "tt0088763": "Back to the Future", "tt0482571": "The Prestige", "tt0078748": "Alien", "tt4154756": "Avengers: Infinity War", "tt0090605": "Aliens", "tt0062622": "2001: A Space Odyssey", "tt0338013": "Eternal Sunshine of the Spotless Mind", "tt0066921": "A Clockwork Orange", "tt0017136": "Metropolis", "tt0107290": "Jurassic Park", "tt0434409": "V for Vendetta", "tt0084787": "The Thing", "tt0083658": "Blade Runner", "tt1392190": "Mad Max: Fury Road", "tt0088247": "The Terminator", "tt3315342": "Logan"}, "Thriller": {"tt0102926": "The Silence of the Lambs", "tt0054215": "Psycho", "tt6751668": "Gisaengchung", "tt0407887": "The Departed", "tt0047396": "Rear Window", "tt0209144": "Memento", "tt0405094": "The Lives of Others", "tt7286456": "Joker", "tt0105236": "Reservoir Dogs", "tt0022100": "M - Eine Stadt sucht einen M\u00f6rder", "tt0052357": "Vertigo", "tt0091251": "Idi i smotri", "tt0095016": "Die Hard", "tt0167404": "The Sixth Sense", "tt0055630": "Y\u00f4jinb\u00f4", "tt1130884": "Shutter Island", "tt0477348": "No Country for Old Men", "tt0071315": "Chinatown", "tt0046912": "Dial M for Murder", "tt0116282": "Fargo", "tt0047296": "On the Waterfront", "tt0041959": "The Third Man", "tt2267998": "Gone Girl", "tt0046268": "Le salaire de la peur", "tt3170832": "Room", "tt3011894": "Relatos salvajes", "tt0073195": "Jaws", "tt0245712": "Amores perros", "tt0060827": "Persona", "tt4016934": "Ah-ga-ssi"}, "Drama": {"tt0111161": "The Shawshank Redemption", "tt0068646": "The Godfather", "tt0468569": "The Dark Knight", "tt0071562": "The Godfather Part II", "tt0050083": "12 Angry Men", "tt0108052": "Schindler's List", "tt0167260": "The Lord of the Rings: The Return of the King", "tt0110912": "Pulp Fiction", "tt0120737": "The Lord of the Rings: The Fellowship of the Ring", "tt0109830": "Forrest Gump", "tt0137523": "Fight Club", "tt0167261": "The Lord of the Rings: The Two Towers", "tt0099685": "Goodfellas", "tt0073486": "One Flew Over the Cuckoo's Nest", "tt0114369": "Se7en", "tt0047478": "Shichinin no samurai", "tt0038650": "It's a Wonderful Life", "tt0102926": "The Silence of the Lambs", "tt0317248": "Cidade de Deus", "tt0120815": "Saving Private Ryan", "tt0118799": "La vita \u00e8 bella", "tt0120689": "The Green Mile", "tt0816692": "Interstellar", "tt0253474": "The Pianist", "tt0110413": "L\u00e9on", "tt6751668": "Gisaengchung", "tt0110357": "The Lion King", "tt0172495": "Gladiator", "tt0120586": "American History X", "tt0114814": "The Usual Suspects", "tt0407887": "The Departed", "tt0482571": "The Prestige", "tt0034583": "Casablanca", "tt1745960": "Top Gun: Maverick", "tt2582802": "Whiplash", "tt1675434": "The Intouchables", "tt0027977": "Modern Times", "tt0056058": "Seppuku", "tt0095327": "Hotaru no haka", "tt0021749": "City Lights", "tt0095765": "Nuovo Cinema Paradiso", "tt0078788": "Apocalypse Now", "tt1853728": "Django Unchained", "tt0405094": "The Lives of Others", "tt0043014": "Sunset Blvd.", "tt0050825": "Paths of Glory", "tt0081505": "The Shining", "tt0032553": "The Great Dictator", "tt0051201": "Witness for the Prosecution", "tt0169547": "American Beauty", "tt1345836": "The Dark Knight Rises", "tt0364569": "Oldeuboi", "tt7286456": "Joker", "tt0086879": "Amadeus", "tt0112573": "Braveheart", "tt0082096": "Das Boot", "tt0361748": "Inglourious Basterds", "tt4154796": "Avengers: Endgame", "tt0087843": "Once Upon a Time in America", "tt0119217": "Good Will Hunting", "tt0180093": "Requiem for a Dream", "tt5311514": "Kimi no na wa.", "tt1187043": "3 Idiots", "tt0338013": "Eternal Sunshine of the Spotless Mind", "tt0105236": "Reservoir Dogs", "tt0057565": "Tengoku to jigoku", "tt8267604": "Capharna\u00fcm", "tt0033467": "Citizen Kane", "tt0056172": "Lawrence of Arabia", "tt2106476": "Jagten", "tt0091251": "Idi i smotri", "tt0093058": "Full Metal Jacket", "tt0036775": "Double Indemnity", "tt0053604": "The Apartment", "tt0086250": "Scarface", "tt0044741": "Ikiru", "tt0070735": "The Sting", "tt0056592": "To Kill a Mockingbird", "tt0075314": "Taxi Driver", "tt0119488": "L.A. Confidential", "tt0113277": "Heat", "tt8503618": "Hamilton", "tt0017136": "Metropolis", "tt1832382": "Jodaeiye Nader az Simin", "tt1255953": "Incendies", "tt0040522": "Ladri di biciclette", "tt8579674": "1917", "tt0986264": "Taare Zameen Par", "tt0363163": "Der Untergang", "tt0372784": "Batman Begins", "tt5074352": "Dangal", "tt0012349": "The Kid", "tt10272386": "The Father", "tt0042192": "All About Eve", "tt6966692": "Green Book", "tt0055031": "Judgment at Nuremberg", "tt0105695": "Unforgiven", "tt0112641": "Casino", "tt0089881": "Ran", "tt0457430": "Pan's Labyrinth", "tt0469494": "There Will Be Blood", "tt0167404": "The Sixth Sense", "tt0268978": "A Beautiful Mind", "tt0120382": "The Truman Show", "tt0055630": "Y\u00f4jinb\u00f4", "tt0040897": "The Treasure of the Sierra Madre", "tt0042876": "Rash\u00f4mon", "tt0057115": "The Great Escape", "tt0266697": "Kill Bill: Vol. 1", "tt0477348": "No Country for Old Men", "tt0080678": "The Elephant Man", "tt0081398": "Raging Bull", "tt0071315": "Chinatown", "tt0031381": "Gone with the Wind", "tt0434409": "V for Vendetta", "tt1305806": "El secreto de sus ojos", "tt0050212": "The Bridge on the River Kwai", "tt5027774": "Three Billboards Outside Ebbing, Missouri", "tt0117951": "Trainspotting", "tt1205489": "Gran Torino", "tt1291584": "Warrior", "tt1392214": "Prisoners", "tt0405159": "Million Dollar Baby", "tt0015864": "The Gold Rush", "tt0083658": "Blade Runner", "tt0264464": "Catch Me If You Can", "tt0047296": "On the Waterfront", "tt0118849": "Bacheha-Ye aseman", "tt0052618": "Ben-Hur", "tt2024544": "12 Years a Slave", "tt0050986": "Smultronst\u00e4llet", "tt2267998": "Gone Girl", "tt0112471": "Before Sunrise", "tt0077416": "The Deer Hunter", "tt0107207": "In the Name of the Father", "tt0031679": "Mr. Smith Goes to Washington", "tt0046268": "Le salaire de la peur", "tt0072684": "Barry Lyndon", "tt0353969": "Salinui chueok", "tt3170832": "Room", "tt2119532": "Hacksaw Ridge", "tt0050976": "Det sjunde inseglet", "tt3011894": "Relatos salvajes", "tt0978762": "Mary and Max.", "tt0019254": "La passion de Jeanne d'Arc", "tt0395169": "Hotel Rwanda", "tt0097165": "Dead Poets Society", "tt0046438": "T\u00f4ky\u00f4 monogatari", "tt0048473": "Pather Panchali", "tt0075148": "Rocky", "tt0091763": "Platoon", "tt1950186": "Ford v Ferrari", "tt0092005": "Stand by Me", "tt1895587": "Spotlight", "tt1979320": "Rush", "tt0758758": "Into the Wild", "tt0074958": "Network", "tt3315342": "Logan", "tt0107048": "Groundhog Day", "tt0381681": "Before Sunset", "tt0036868": "The Best Years of Our Lives", "tt0032551": "The Grapes of Wrath", "tt0032976": "Rebecca", "tt0058946": "La battaglia di Algeri", "tt1028532": "Hachi: A Dog's Tale", "tt0061512": "Cool Hand Luke", "tt0245712": "Amores perros", "tt0113247": "La haine", "tt0053198": "Les quatre cents coups", "tt0060827": "Persona", "tt0476735": "Babam ve Oglum", "tt0071411": "Dersu Uzala", "tt0059742": "The Sound of Music", "tt4016934": "Ah-ga-ssi", "tt15097216": "Jai Bhim", "tt0083987": "Gandhi", "tt1454029": "The Help"}, "Crime": {"tt0068646": "The Godfather", "tt0468569": "The Dark Knight", "tt0071562": "The Godfather Part II", "tt0050083": "12 Angry Men", "tt0110912": "Pulp Fiction", "tt0099685": "Goodfellas", "tt0114369": "Se7en", "tt0102926": "The Silence of the Lambs", "tt0317248": "Cidade de Deus", "tt0120689": "The Green Mile", "tt0110413": "L\u00e9on", "tt0120586": "American History X", "tt0114814": "The Usual Suspects", "tt0407887": "The Departed", "tt0051201": "Witness for the Prosecution", "tt7286456": "Joker", "tt0087843": "Once Upon a Time in America", "tt0105236": "Reservoir Dogs", "tt0057565": "Tengoku to jigoku", "tt0022100": "M - Eine Stadt sucht einen M\u00f6rder", "tt0066921": "A Clockwork Orange", "tt0036775": "Double Indemnity", "tt0086250": "Scarface", "tt0070735": "The Sting", "tt0056592": "To Kill a Mockingbird", "tt0075314": "Taxi Driver", "tt0119488": "L.A. Confidential", "tt0113277": "Heat", "tt0208092": "Snatch", "tt0372784": "Batman Begins", "tt0993846": "The Wolf of Wall Street", "tt0112641": "Casino", "tt0042876": "Rash\u00f4mon", "tt0266697": "Kill Bill: Vol. 1", "tt0477348": "No Country for Old Men", "tt0120735": "Lock, Stock and Two Smoking Barrels", "tt0046912": "Dial M for Murder", "tt5027774": "Three Billboards Outside Ebbing, Missouri", "tt0116282": "Fargo", "tt1392214": "Prisoners", "tt0264464": "Catch Me If You Can", "tt0047296": "On the Waterfront", "tt0107207": "In the Name of the Father", "tt2278388": "The Grand Budapest Hotel", "tt0353969": "Salinui chueok", "tt0118715": "The Big Lebowski", "tt1895587": "Spotlight", "tt0061512": "Cool Hand Luke", "tt0113247": "La haine", "tt0053198": "Les quatre cents coups", "tt15097216": "Jai Bhim"}, "Film-Noir": {"tt0043014": "Sunset Blvd.", "tt0036775": "Double Indemnity", "tt0041959": "The Third Man", "tt0032976": "Rebecca"}, "Biography": {"tt0108052": "Schindler's List", "tt0099685": "Goodfellas", "tt0253474": "The Pianist", "tt1675434": "The Intouchables", "tt0086879": "Amadeus", "tt0112573": "Braveheart", "tt0056172": "Lawrence of Arabia", "tt8503618": "Hamilton", "tt0363163": "Der Untergang", "tt5074352": "Dangal", "tt6966692": "Green Book", "tt0993846": "The Wolf of Wall Street", "tt0268978": "A Beautiful Mind", "tt0080678": "The Elephant Man", "tt0081398": "Raging Bull", "tt0264464": "Catch Me If You Can", "tt2024544": "12 Years a Slave", "tt0107207": "In the Name of the Father", "tt2119532": "Hacksaw Ridge", "tt0019254": "La passion de Jeanne d'Arc", "tt0395169": "Hotel Rwanda", "tt1950186": "Ford v Ferrari", "tt1895587": "Spotlight", "tt1979320": "Rush", "tt0758758": "Into the Wild", "tt1028532": "Hachi: A Dog's Tale", "tt0071411": "Dersu Uzala", "tt0059742": "The Sound of Music", "tt0083987": "Gandhi"}, "War": {"tt0120815": "Saving Private Ryan", "tt0034583": "Casablanca", "tt0095327": "Hotaru no haka", "tt0078788": "Apocalypse Now", "tt0050825": "Paths of Glory", "tt0032553": "The Great Dictator", "tt0057012": "Dr. Strangelove or: How I Learned to Stop Worrying and Love the Bomb", "tt0082096": "Das Boot", "tt0361748": "Inglourious Basterds", "tt0091251": "Idi i smotri", "tt0093058": "Full Metal Jacket", "tt8579674": "1917", "tt0055031": "Judgment at Nuremberg", "tt0089881": "Ran", "tt0457430": "Pan's Labyrinth", "tt0031381": "Gone with the Wind", "tt0050212": "The Bridge on the River Kwai", "tt0077416": "The Deer Hunter", "tt0072684": "Barry Lyndon", "tt0091763": "Platoon", "tt0036868": "The Best Years of Our Lives", "tt0035446": "To Be or Not to Be", "tt0058946": "La battaglia di Algeri"}, "Western": {"tt0060196": "Il buono, il brutto, il cattivo", "tt0064116": "Once Upon a Time in the West", "tt1853728": "Django Unchained", "tt0059578": "Per qualche dollaro in pi\u00f9", "tt0105695": "Unforgiven", "tt0040897": "The Treasure of the Sierra Madre"}, "Adventure": {"tt0167260": "The Lord of the Rings: The Return of the King", "tt0120737": "The Lord of the Rings: The Fellowship of the Ring", "tt0060196": "Il buono, il brutto, il cattivo", "tt1375666": "Inception", "tt0167261": "The Lord of the Rings: The Two Towers", "tt0080684": "The Empire Strikes Back", "tt0816692": "Interstellar", "tt0076759": "Star Wars", "tt0088763": "Back to the Future", "tt0245429": "Sen to Chihiro no kamikakushi", "tt0110357": "The Lion King", "tt0172495": "Gladiator", "tt0082971": "Raiders of the Lost Ark", "tt0910970": "WALL\u00b7E", "tt4154756": "Avengers: Infinity War", "tt0090605": "Aliens", "tt4633694": "Spider-Man: Into the Spider-Verse", "tt0114709": "Toy Story", "tt2380307": "Coco", "tt0361748": "Inglourious Basterds", "tt0119698": "Mononoke-hime", "tt4154796": "Avengers: Endgame", "tt0435761": "Toy Story 3", "tt0086190": "Star Wars: Episode VI - Return of the Jedi", "tt0062622": "2001: A Space Odyssey", "tt0056172": "Lawrence of Arabia", "tt0053125": "North by Northwest", "tt1049413": "Up", "tt0097576": "Indiana Jones and the Last Crusade", "tt10872600": "Spider-Man: No Way Home", "tt6710474": "Everything Everywhere All at Once", "tt0071853": "Monty Python and the Holy Grail", "tt0040897": "The Treasure of the Sierra Madre", "tt0057115": "The Great Escape", "tt0107290": "Jurassic Park", "tt0266543": "Finding Nemo", "tt2096673": "Inside Out", "tt0050212": "The Bridge on the River Kwai", "tt0347149": "Hauru no ugoku shiro", "tt0015864": "The Gold Rush", "tt0052618": "Ben-Hur", "tt0017925": "The General", "tt1201607": "Harry Potter and the Deathly Hallows: Part 2", "tt2278388": "The Grand Budapest Hotel", "tt0046268": "Le salaire de la peur", "tt0072684": "Barry Lyndon", "tt4729430": "Klaus", "tt1392190": "Mad Max: Fury Road", "tt0892769": "How to Train Your Dragon", "tt0198781": "Monsters, Inc.", "tt0073195": "Jaws", "tt0092005": "Stand by Me", "tt0758758": "Into the Wild", "tt0032138": "The Wizard of Oz", "tt0382932": "Ratatouille", "tt0317705": "The Incredibles", "tt0325980": "Pirates of the Caribbean: The Curse of the Black Pearl", "tt0071411": "Dersu Uzala", "tt0103639": "Aladdin"}, "Family": {"tt0038650": "It's a Wonderful Life", "tt0245429": "Sen to Chihiro no kamikakushi", "tt0910970": "WALL\u00b7E", "tt0986264": "Taare Zameen Par", "tt0012349": "The Kid", "tt0347149": "Hauru no ugoku shiro", "tt0096283": "Tonari no Totoro", "tt0118849": "Bacheha-Ye aseman", "tt0032138": "The Wizard of Oz", "tt1028532": "Hachi: A Dog's Tale", "tt0476735": "Babam ve Oglum", "tt0059742": "The Sound of Music", "tt0101414": "Beauty and the Beast"}, "History": {"tt0108052": "Schindler's List", "tt0112573": "Braveheart", "tt8503618": "Hamilton", "tt0363163": "Der Untergang", "tt0057115": "The Great Escape", "tt0052618": "Ben-Hur", "tt2024544": "12 Years a Slave", "tt2119532": "Hacksaw Ridge", "tt0019254": "La passion de Jeanne d'Arc", "tt0395169": "Hotel Rwanda"}, "Action": {"tt0468569": "The Dark Knight", "tt0167260": "The Lord of the Rings: The Return of the King", "tt0120737": "The Lord of the Rings: The Fellowship of the Ring", "tt1375666": "Inception", "tt0167261": "The Lord of the Rings: The Two Towers", "tt0080684": "The Empire Strikes Back", "tt0133093": "The Matrix", "tt0047478": "Shichinin no samurai", "tt0076759": "Star Wars", "tt0103064": "Terminator 2: Judgment Day", "tt0110413": "L\u00e9on", "tt0172495": "Gladiator", "tt1745960": "Top Gun: Maverick", "tt0056058": "Seppuku", "tt0082971": "Raiders of the Lost Ark", "tt4154756": "Avengers: Infinity War", "tt0090605": "Aliens", "tt4633694": "Spider-Man: Into the Spider-Verse", "tt1345836": "The Dark Knight Rises", "tt0364569": "Oldeuboi", "tt4154796": "Avengers: Endgame", "tt0086190": "Star Wars: Episode VI - Return of the Jedi", "tt0053125": "North by Northwest", "tt0113277": "Heat", "tt0095016": "Die Hard", "tt0097576": "Indiana Jones and the Last Crusade", "tt8579674": "1917", "tt10872600": "Spider-Man: No Way Home", "tt0372784": "Batman Begins", "tt5074352": "Dangal", "tt6710474": "Everything Everywhere All at Once", "tt0089881": "Ran", "tt0055630": "Y\u00f4jinb\u00f4", "tt0107290": "Jurassic Park", "tt0266697": "Kill Bill: Vol. 1", "tt0434409": "V for Vendetta", "tt0120735": "Lock, Stock and Two Smoking Barrels", "tt1291584": "Warrior", "tt0083658": "Blade Runner", "tt0017925": "The General", "tt0015324": "Sherlock Jr.", "tt1392190": "Mad Max: Fury Road", "tt0892769": "How to Train Your Dragon", "tt1950186": "Ford v Ferrari", "tt0088247": "The Terminator", "tt1979320": "Rush", "tt3315342": "Logan", "tt0317705": "The Incredibles", "tt0325980": "Pirates of the Caribbean: The Curse of the Black Pearl"}, "Comedy": {"tt0118799": "La vita \u00e8 bella", "tt0088763": "Back to the Future", "tt6751668": "Gisaengchung", "tt1675434": "The Intouchables", "tt0027977": "Modern Times", "tt0021749": "City Lights", "tt0032553": "The Great Dictator", "tt0057012": "Dr. Strangelove or: How I Learned to Stop Worrying and Love the Bomb", "tt0114709": "Toy Story", "tt2380307": "Coco", "tt0435761": "Toy Story 3", "tt0045152": "Singin' in the Rain", "tt1187043": "3 Idiots", "tt0211915": "Le fabuleux destin d'Am\u00e9lie Poulain", "tt0053604": "The Apartment", "tt0070735": "The Sting", "tt1049413": "Up", "tt0208092": "Snatch", "tt0012349": "The Kid", "tt0053291": "Some Like It Hot", "tt6966692": "Green Book", "tt0993846": "The Wolf of Wall Street", "tt6710474": "Everything Everywhere All at Once", "tt0071853": "Monty Python and the Holy Grail", "tt0120382": "The Truman Show", "tt0266543": "Finding Nemo", "tt2096673": "Inside Out", "tt0120735": "Lock, Stock and Two Smoking Barrels", "tt5027774": "Three Billboards Outside Ebbing, Missouri", "tt0096283": "Tonari no Totoro", "tt0015864": "The Gold Rush", "tt0017925": "The General", "tt2278388": "The Grand Budapest Hotel", "tt0031679": "Mr. Smith Goes to Washington", "tt0015324": "Sherlock Jr.", "tt4729430": "Klaus", "tt3011894": "Relatos salvajes", "tt0118715": "The Big Lebowski", "tt0978762": "Mary and Max.", "tt0198781": "Monsters, Inc.", "tt0097165": "Dead Poets Society", "tt0107048": "Groundhog Day", "tt0382932": "Ratatouille", "tt0035446": "To Be or Not to Be", "tt0079470": "Life of Brian", "tt0025316": "It Happened One Night", "tt0103639": "Aladdin"}, "Animation": {"tt0245429": "Sen to Chihiro no kamikakushi", "tt0110357": "The Lion King", "tt0095327": "Hotaru no haka", "tt0910970": "WALL\u00b7E", "tt4633694": "Spider-Man: Into the Spider-Verse", "tt0114709": "Toy Story", "tt2380307": "Coco", "tt0119698": "Mononoke-hime", "tt0435761": "Toy Story 3", "tt5311514": "Kimi no na wa.", "tt1049413": "Up", "tt0266543": "Finding Nemo", "tt2096673": "Inside Out", "tt0347149": "Hauru no ugoku shiro", "tt0096283": "Tonari no Totoro", "tt4729430": "Klaus", "tt0892769": "How to Train Your Dragon", "tt0978762": "Mary and Max.", "tt0198781": "Monsters, Inc.", "tt0382932": "Ratatouille", "tt0317705": "The Incredibles", "tt0103639": "Aladdin", "tt0101414": "Beauty and the Beast"}, "Romance": {"tt0109830": "Forrest Gump", "tt0118799": "La vita \u00e8 bella", "tt0034583": "Casablanca", "tt0027977": "Modern Times", "tt0021749": "City Lights", "tt0095765": "Nuovo Cinema Paradiso", "tt0119217": "Good Will Hunting", "tt0045152": "Singin' in the Rain", "tt0338013": "Eternal Sunshine of the Spotless Mind", "tt0052357": "Vertigo", "tt0211915": "Le fabuleux destin d'Am\u00e9lie Poulain", "tt0053604": "The Apartment", "tt0053291": "Some Like It Hot", "tt0031381": "Gone with the Wind", "tt1305806": "El secreto de sus ojos", "tt0050986": "Smultronst\u00e4llet", "tt0112471": "Before Sunrise", "tt0015324": "Sherlock Jr.", "tt0381681": "Before Sunset", "tt0036868": "The Best Years of Our Lives", "tt0035446": "To Be or Not to Be", "tt0025316": "It Happened One Night", "tt4016934": "Ah-ga-ssi"}, "Sport": {"tt0081398": "Raging Bull", "tt1291584": "Warrior", "tt0405159": "Million Dollar Baby", "tt0118849": "Bacheha-Ye aseman", "tt0075148": "Rocky"}, "Music": {"tt0253474": "The Pianist", "tt2582802": "Whiplash", "tt0086879": "Amadeus", "tt0045152": "Singin' in the Rain", "tt0053291": "Some Like It Hot"}, "Fantasy": {"tt0080684": "The Empire Strikes Back", "tt0038650": "It's a Wonderful Life", "tt0120689": "The Green Mile", "tt0076759": "Star Wars", "tt0119698": "Mononoke-hime", "tt5311514": "Kimi no na wa.", "tt0086190": "Star Wars: Episode VI - Return of the Jedi", "tt10872600": "Spider-Man: No Way Home", "tt0457430": "Pan's Labyrinth", "tt0071853": "Monty Python and the Holy Grail", "tt1201607": "Harry Potter and the Deathly Hallows: Part 2", "tt0050976": "Det sjunde inseglet", "tt0032138": "The Wizard of Oz", "tt0107048": "Groundhog Day", "tt0325980": "Pirates of the Caribbean: The Curse of the Black Pearl", "tt0101414": "Beauty and the Beast"}}