{"nm0000175": "Stephen King", "nm0001104": "Frank Darabont", "nm0701374": "Mario Puzo", "nm0000338": "Francis Ford Coppola", "nm0634300": "Jonathan Nolan", "nm0634240": "Christopher Nolan", "nm0275286": "David S. Goyer", "nm0741627": "Reginald Rose", "nm0447745": "Thomas Keneally", "nm0001873": "Steven Zaillian", "nm0866058": "J.R.R. Tolkien", "nm0909638": "Fran Walsh", "nm0101991": "Philippa Boyens", "nm0000233": "Quentin Tarantino", "nm0000812": "Roger Avary", "nm0898812": "Luciano Vincenzoni", "nm0001466": "Sergio Leone", "nm0408488": "Agenore Incrocci", "nm0343165": "Winston Groom", "nm0744839": "Eric Roth", "nm0657333": "Chuck Palahniuk", "nm0880243": "Jim Uhls", "nm0102824": "Leigh Brackett", "nm0001410": "Lawrence Kasdan", "nm0000184": "George Lucas", "nm0905152": "Lilly Wachowski", "nm0905154": "Lana Wachowski", "nm0683380": "Nicholas Pileggi", "nm0000217": "Martin Scorsese", "nm0369142": "Lawrence Hauben", "nm0325743": "Bo Goldman", "nm0450181": "Ken Kesey", "nm0001825": "Andrew Kevin Walker", "nm0000041": "Akira Kurosawa", "nm0368074": "Shinobu Hashimoto", "nm0644823": "Hideo Oguni", "nm0329304": "Frances Goodrich", "nm0352443": "Albert Hackett", "nm0001008": "Frank Capra", "nm0365383": "Thomas Harris", "nm0848217": "Ted Tally", "nm0513130": "Paulo Lins", "nm1130251": "Br\u00e1ulio Mantovani", "nm0734441": "Robert Rodat", "nm0148437": "Vincenzo Cerami", "nm0000905": "Roberto Benigni", "nm0000116": "James Cameron", "nm0936537": "William Wisher", "nm0000709": "Robert Zemeckis", "nm0301826": "Bob Gale", "nm0594503": "Hayao Miyazaki", "nm0825010": "Joseph Stefano", "nm0088645": "Robert Bloch", "nm0367838": "Ronald Harwood", "nm0844262": "Wladyslaw Szpilman", "nm0000108": "Luc Besson", "nm0094435": "Bong Joon Ho", "nm8243301": "Han Jin-won", "nm0575293": "Irene Mecchi", "nm0731271": "Jonathan Roberts", "nm0941314": "Linda Woolverton", "nm0291905": "David Franzoni", "nm0517589": "John Logan", "nm0629933": "William Nicholson", "nm0571346": "David McKenna", "nm0003160": "Christopher McQuarrie", "nm1184258": "William Monahan", "nm0538320": "Alan Mak", "nm0159039": "Felix Chong", "nm1793993": "Christopher Priest", "nm0258493": "Julius J. Epstein", "nm0258525": "Philip G. Epstein", "nm0462321": "Howard Koch", "nm0143596": "Jim Cash", "nm0258390": "Jack Epps Jr.", "nm0185976": "Peter Craig", "nm3227090": "Damien Chazelle", "nm0619923": "Olivier Nakache", "nm4778840": "Philippe Pozzo di Borgo", "nm0865918": "\u00c9ric Toledano", "nm0000122": "Charles Chaplin", "nm0847668": "Yasuhiko Takiguchi", "nm0006872": "Sergio Donati", "nm0000783": "Dario Argento", "nm0636435": "Akiyuki Nosaka", "nm0847223": "Isao Takahata", "nm0371088": "John Michael Hayes", "nm0941280": "Cornell Woolrich", "nm0639321": "Dan O'Bannon", "nm0795953": "Ronald Shusett", "nm0139714": "Harry Carr", "nm0188357": "Harry Crocker", "nm0868153": "Giuseppe Tornatore", "nm0660031": "Vanna Paoli", "nm0587518": "John Milius", "nm0380282": "Michael Herr", "nm0442241": "Philip Kaufman", "nm0004056": "Andrew Stanton", "nm0230032": "Pete Docter", "nm0714114": "Jim Reardon", "nm0003697": "Florian Henckel von Donnersmarck", "nm0102818": "Charles Brackett", "nm0000697": "Billy Wilder", "nm0551261": "D.M. Marshman Jr.", "nm0000040": "Stanley Kubrick", "nm0932229": "Calder Willingham", "nm0860292": "Jim Thompson", "nm0424956": "Diane Johnson", "nm0002005": "Agatha Christie", "nm0475823": "Harry Kurnitz", "nm1321655": "Christopher Markus", "nm1321656": "Stephen McFeely", "nm0498278": "Stan Lee", "nm0318429": "David Giler", "nm0001353": "Walter Hill", "nm0050332": "Alan Ball", "nm0816143": "Terry Southern", "nm0313570": "Peter George", "nm0520488": "Phil Lord", "nm0745247": "Rodney Rothman", "nm1628380": "Garon Tsuchiya", "nm2057405": "Nobuaki Minegishi", "nm0661791": "Park Chan-wook", "nm0680846": "Todd Phillips", "nm0798788": "Scott Silver", "nm0004170": "Bob Kane", "nm0787323": "Peter Shaffer", "nm0537004": "Zdenek Mahler", "nm0908824": "Randall Wallace", "nm0005124": "John Lasseter", "nm0881279": "Lee Unkrich", "nm0441735": "Jason Katz", "nm0017690": "Matthew Aldrich", "nm0000583": "Wolfgang Petersen", "nm0118164": "Lothar G. Buchheim", "nm0301274": "Neil Gaiman", "nm0340580": "Harry Grey", "nm0073053": "Leonardo Benvenuti", "nm0207401": "Piero De Bernardi", "nm0000354": "Matt Damon", "nm0000255": "Ben Affleck", "nm0782968": "Hubert Selby Jr.", "nm0004716": "Darren Aronofsky", "nm1396121": "Makoto Shinkai", "nm1038805": "Clark Cheng", "nm0173679": "Betty Comden", "nm0337582": "Adolph Green", "nm0386246": "Rajkumar Hirani", "nm0430785": "Abhijat Joshi", "nm0006765": "Vidhu Vinod Chopra", "nm0002009": "Arthur C. Clarke", "nm0442109": "Charlie Kaufman", "nm0327273": "Michel Gondry", "nm1410028": "Pierre Bismuth", "nm0452878": "Ry\u00fbz\u00f4 Kikushima", "nm0386750": "Eijir\u00f4 Hisaita", "nm1701024": "Nadine Labaki", "nm2764802": "Jihad Hojeily", "nm9878616": "Michelle Keserwany", "nm0542534": "Herman J. Mankiewicz", "nm0000080": "Orson Welles", "nm0002144": "John Houseman", "nm0004122": "Robert Bolt", "nm0933858": "Michael Wilson", "nm2105585": "Tobias Lindholm", "nm0899121": "Thomas Vinterberg", "nm0499626": "Ernest Lehman", "nm0902376": "Thea von Harbou", "nm0000485": "Fritz Lang", "nm0414825": "Egon Jacobsohn", "nm0178785": "Alec Coppel", "nm0853138": "Samuel A. Taylor", "nm0092267": "Pierre Boileau", "nm0491011": "Guillaume Laurant", "nm0000466": "Jean-Pierre Jeunet", "nm0121256": "Anthony Burgess", "nm0010696": "Ales Adamovich", "nm0459552": "Elem Klimov", "nm0368007": "Gustav Hasford", "nm0151452": "Raymond Chandler", "nm0128906": "James M. Cain", "nm0224634": "I.A.L. Diamond", "nm0000231": "Oliver Stone", "nm0001328": "Howard Hawks", "nm0372942": "Ben Hecht", "nm0911486": "David S. Ward", "nm0497369": "Harper Lee", "nm0285210": "Horton Foote", "nm0001707": "Paul Schrader", "nm0255278": "James Ellroy", "nm0001338": "Brian Helgeland", "nm0000436": "Curtis Hanson", "nm0677037": "Bob Peterson", "nm0565336": "Tom McCarthy", "nm0000520": "Michael Mann", "nm0592135": "Lin-Manuel Miranda", "nm2375857": "Ron Chernow", "nm1410815": "Asghar Farhadi", "nm0005363": "Guy Ritchie", "nm0861636": "Roderick Thorp", "nm0835732": "Jeb Stuart", "nm0211823": "Steven E. de Souza", "nm0898288": "Denis Villeneuve", "nm1416431": "Wajdi Mouawad", "nm4034068": "Val\u00e9rie Beaugrand-Champagne", "nm0090151": "Jeffrey Boam", "nm0583675": "Menno Meyjes", "nm0953790": "Cesare Zavattini", "nm0059030": "Luigi Bartolini", "nm0080755": "Oreste Biancoli", "nm0005222": "Sam Mendes", "nm4880670": "Krysty Wilson-Cairns", "nm0571344": "Chris McKenna", "nm1273099": "Erik Sommers", "nm1244760": "Amole Gupte", "nm0251536": "Bernd Eichinger", "nm0275264": "Joachim Fest", "nm0432622": "Traudl Junge", "nm0607694": "Fulvio Morsella", "nm6328029": "Piyush Gupta", "nm6328031": "Shreyas Jain", "nm6328030": "Nikhil Mehrotra", "nm0858329": "Robert Thoeren", "nm0358960": "Christopher Hampton", "nm1725469": "Florian Zeller", "nm0000581": "Joseph L. Mankiewicz", "nm0650581": "Mary Orr", "nm0885014": "Nick Vallelonga", "nm0192942": "Brian Hayes Currie", "nm0268380": "Peter Farrelly", "nm1010540": "Terence Winter", "nm0067789": "Jordan Belfort", "nm3453283": "Dan Kwan", "nm3215397": "Daniel Scheinert", "nm0542631": "Abby Mann", "nm0001050": "Montgomery Clift", "nm0672459": "David Webb Peoples", "nm0406836": "Masato Ide", "nm0868219": "Guillermo del Toro", "nm0000759": "Paul Thomas Anderson", "nm0801737": "Upton Sinclair", "nm0796117": "M. Night Shyamalan", "nm0326040": "Akiva Goldsman", "nm0621586": "Sylvia Nasar", "nm0001037": "Graham Chapman", "nm0000092": "John Cleese", "nm0001385": "Eric Idle", "nm0629272": "Andrew Niccol", "nm0001379": "John Huston", "nm0871252": "B. Traven", "nm0015611": "Ry\u00fbnosuke Akutagawa", "nm0436164": "Laeta Kalogridis", "nm1212331": "Dennis Lehane", "nm0108595": "Paul Brickhill", "nm0165412": "James Clavell", "nm0122446": "W.R. Burnett", "nm0000341": "Michael Crichton", "nm0462895": "David Koepp", "nm0000235": "Uma Thurman", "nm0001054": "Joel Coen", "nm0001053": "Ethan Coen", "nm0565092": "Cormac McCarthy", "nm0721675": "David Reynolds", "nm0212246": "Christopher De Vore", "nm0075015": "Eric Bergren", "nm0000186": "David Lynch", "nm0483766": "Jake LaMotta", "nm0141734": "Joseph Carter", "nm0678014": "Peter Savage", "nm0001801": "Robert Towne", "nm0000591": "Roman Polanski", "nm0593565": "Margaret Mitchell", "nm0397608": "Sidney Howard", "nm0308177": "Oliver H.P. Garrett", "nm2331222": "David Lloyd", "nm0484111": "Bill Lancaster", "nm0132168": "John W. Campbell Jr.", "nm0215455": "Ronnie Del Carmen", "nm0498834": "Meg LeFauve", "nm0461425": "Frederick Knott", "nm3160078": "Eduardo Sacheri", "nm0002728": "Juan Jos\u00e9 Campanella", "nm0099541": "Pierre Boulle", "nm0286025": "Carl Foreman", "nm1168510": "Diana Wynne Jones", "nm1732981": "Martin McDonagh", "nm0920543": "Irvine Welsh", "nm0388076": "John Hodge", "nm1010405": "Nick Schenk", "nm3164738": "Dave Johannson", "nm0640334": "Gavin O'Connor", "nm3294574": "Anthony Tambakis", "nm0233561": "Cliff Dorfman", "nm3360706": "Aaron Guzikowski", "nm0353673": "Paul Haggis", "nm0101801": "F.X. Toole", "nm0266684": "Hampton Fancher", "nm0001140": "Philip K. Dick", "nm0622288": "Jeff Nathanson", "nm0007646": "Frank Abagnale Jr.", "nm1127221": "Stan Redding", "nm0775977": "Budd Schulberg", "nm0425711": "Malcolm Johnson", "nm0802563": "Robert Siodmak", "nm0001294": "Graham Greene", "nm0466099": "Alexander Korda", "nm0006498": "Majid Majidi", "nm0908753": "Lew Wallace", "nm0876562": "Karl Tunberg", "nm0000683": "Gore Vidal", "nm0725983": "John Ridley", "nm1185849": "Solomon Northup", "nm0000036": "Buster Keaton", "nm0115669": "Clyde Bruckman", "nm0090213": "Al Boasberg", "nm0000005": "Ingmar Bergman", "nm5058839": "Gillian Flynn", "nm0000500": "Richard Linklater", "nm0471811": "Kim Krizan", "nm0460141": "Steve Kloves", "nm0746830": "J.K. Rowling", "nm0001047": "Michael Cimino", "nm0913346": "Deric Washburn", "nm0307311": "Louis Garfinkle", "nm0174840": "Gerry Conlon", "nm0313623": "Terry George", "nm0006487": "Jim Sheridan", "nm0959003": "Stefan Zweig", "nm0027572": "Wes Anderson", "nm2450453": "Hugo Guinness", "nm0118227": "Sidney Buchman", "nm0287931": "Lewis R. Foster", "nm0175333": "Myles Connolly", "nm1064118": "Georges Arnaud", "nm0167241": "Henri-Georges Clouzot", "nm0350823": "J\u00e9r\u00f4me G\u00e9ronimi", "nm0856842": "William Makepeace Thackeray", "nm0369841": "Jean C. Havez", "nm0593477": "Joseph A. Mitchell", "nm1323286": "Kwang-rim Kim", "nm1646563": "Sung-bo Shim", "nm1480980": "Emma Donoghue", "nm0655053": "Sergio Pablos", "nm2700235": "Jim Mahoney", "nm2082813": "Zach Lewis", "nm0770938": "Robert Schenkkan", "nm0460795": "Andrew Knight", "nm1238855": "Germ\u00e1n Servidio", "nm1167933": "Dami\u00e1n Szifron", "nm0004306": "George Miller", "nm0565068": "Brendan McCarthy", "nm0490147": "Nick Lathouris", "nm0204030": "Will Davies", "nm0213450": "Dean DeBlois", "nm0761498": "Chris Sanders", "nm0254178": "Adam Elliot", "nm0191717": "Jill Culton", "nm0682066": "Jeff Pidgeon", "nm0001940": "Peter Benchley", "nm0331956": "Carl Gottlieb", "nm0217865": "Joseph Delteil", "nm0003433": "Carl Theodor Dreyer", "nm0669311": "Keir Pearson", "nm0776114": "Tom Schulman", "nm0633792": "K\u00f4go Noda", "nm0654868": "Yasujir\u00f4 Ozu", "nm0051808": "Bibhutibhushan Bandyopadhyay", "nm0006249": "Satyajit Ray", "nm0000230": "Sylvester Stallone", "nm0125336": "Jez Butterworth", "nm3890871": "John-Henry Butterworth", "nm0445669": "Jason Keller", "nm0317279": "Raynold Gideon", "nm0262595": "Bruce A. Evans", "nm0005036": "Gale Anne Hurd", "nm1802857": "Josh Singer", "nm0604948": "Peter Morgan", "nm0000576": "Sean Penn", "nm1040556": "Jon Krakauer", "nm0154665": "Paddy Chayefsky", "nm0486538": "Noel Langley", "nm0753249": "Florence Ryerson", "nm0941138": "Edgar Allan Woolf", "nm0003506": "James Mangold", "nm0291082": "Scott Frank", "nm0338169": "Michael Green", "nm0748035": "Danny Rubin", "nm0000601": "Harold Ramis", "nm0083348": "Brad Bird", "nm0684342": "Jan Pinkava", "nm0135296": "Jim Capobianco", "nm0000365": "Julie Delpy", "nm0000160": "Ethan Hawke", "nm0087861": "William Peter Blatty", "nm0792845": "Robert E. Sherwood", "nm0437969": "MacKinlay Kantor", "nm0501872": "Melchior Lengyel", "nm0562372": "Edwin Justus Mayer", "nm0523932": "Ernst Lubitsch", "nm0425913": "Nunnally Johnson", "nm0825705": "John Steinbeck", "nm0238898": "Daphne Du Maurier", "nm0365661": "Joan Harrison", "nm0758357": "Franco Solinas", "nm0690597": "Gillo Pontecorvo", "nm2124742": "Stephen P. Lindsey", "nm0793881": "Kaneto Shind\u00f4", "nm0668914": "Donn Pearce", "nm0682757": "Frank Pierson", "nm0237543": "Hal Dresner", "nm0037247": "Guillermo Arriaga", "nm0254645": "Ted Elliott", "nm0744429": "Terry Rossio", "nm0064181": "Stuart Beattie", "nm0440913": "Mathieu Kassovitz", "nm0000076": "Fran\u00e7ois Truffaut", "nm0610115": "Marcel Moussy", "nm0000416": "Terry Gilliam", "nm1463981": "Cagan Irmak", "nm0619330": "Yuriy Nagibin", "nm0037539": "Vladimir Arsenev", "nm0728307": "Robert Riskin", "nm0011343": "Samuel Hopkins Adams", "nm0403346": "Georg Hurdalek", "nm0512231": "Howard Lindsay", "nm0189496": "Russel Crouse", "nm1258797": "Sarah Waters", "nm1941029": "Seo-kyeong Jeong", "nm4377096": "T.J. Gnanavel", "nm13222819": "Rajendra Sapre", "nm0166256": "Ron Clements", "nm0615780": "John Musker", "nm0109300": "John Briley", "nm0853238": "Tate Taylor", "nm3543826": "Kathryn Stockett", "nm0152312": "Brenda Chapman"}